ranking,title,authors,year,venue,citations,url,pdf_url,keywords,created_at,paper_id
1,Towards Deep Learning Models Resistant to Adversarial Attacks,"A. Ma̧dry, Aleksandar Makelov, Ludwig Schmidt, Dimitris Tsipras, Adrian Vladu",2017,International Conference on Learning Representations,12741,https://www.semanticscholar.org/paper/7aa38b85fa8cba64d6a4010543f6695dbf5f1386,https://arxiv.org/pdf/1706.06083.pdf,"Computer Science, Mathematics, Computer Science",2025-09-30 19:42:37.309933+00:00,7aa38b85fa8cba64d6a4010543f6695dbf5f1386
2,The Use of Cronbach’s Alpha When Developing and Reporting Research Instruments in Science Education,K. Taber,2017,Research in Science Education,7667,https://www.semanticscholar.org/paper/ccc38dd46fc6ed6d2c6c6e8b1613d6f74a0f7df1,https://link.springer.com/content/pdf/10.1007%2Fs11165-016-9602-2.pdf,"Psychology, Education",2025-09-30 19:36:21.047222+00:00,ccc38dd46fc6ed6d2c6c6e8b1613d6f74a0f7df1
3,Estimating the reproducibility of psychological science,"Alexander A. Aarts, Joanna E. Anderson, Christopher J. Anderson, Peter Raymond Attridge, A. Attwood, Jordan R. Axt, Molly Babel, Š. Bahník, E. Baranski, M. Barnett-Cowan, E. Bartmess, Jennifer S. Beer, Raoul Bell, Heather Bentley, Leah Beyan, Grace Binion, D. Borsboom, Annick Bosch, Frank Bosco, Sara D. Bowman, M. Brandt, E. L. Braswell, Hilmar Brohmer, B. T. Brown, Kristina Brown, Jovita Brüning, Ann Calhoun-Sauls, Shannon P. Callahan, E. Chagnon, Jesse J. Chandler, Christopher R. Chartier, F. Cheung, Cody Daniel Christopherson, Linda Cillessen, R. Clay, Hayley M. D. Cleary, M. Cloud, Michael Conn, J. Cohoon, Simon Columbus, A. Cordes, G. Costantini, Leslie D Cramblet Alvarez, E. Cremata, J. Crusius, J. DeCoster, M. DeGaetano, Nicolás Delia Penna, Bobby Den Bezemer, M. Deserno, Olivia Devitt, L. Dewitte, David G. Dobolyi, Geneva T. Dodson, M. Donnellan, Ryan Donohue, Rebecca A. Dore, A. Dorrough, Anna Dreber, M. Dugas, Elizabeth W. Dunn, Kayleigh E. Easey, Sylvia Eboigbe, Casey M Eggleston, Jo Embley, S. Epskamp, Timothy M. Errington, Vivien Estel, Frank J. Farach, J. Feather, A. Fedor, Belén Fernández-Castilla, Susann Fiedler, James G. Field, Stanka A. Fitneva, Taru M Flagan, Amanda L. Forest, Eskil Forsell, J. D. Foster, Michael C. Frank, Rebecca S. Frazier, Heather M. Fuchs, P. Gable, Jeff Galak, E. Galliani, Anup Gampa, Sara Garcia, Douglas Gazarian, E. Gilbert, Roger Giner-Sorolla, A. Glöckner, Lars Goellner, Jin X. Goh, R. Goldberg, Patrick T. Goodbourn, S. Gordon-McKeon, Bryan H. Gorges, Jessie Gorges, J. Goss, J. Graham, J. Grange, J. Gray, C.H.J. Hartgerink, Joshua K. Hartshorne, F. Hasselman, Timothy Hayes, Emma Heikensten, Felix Henninger, J. Hodsoll, Taylor Holubar, G. Hoogendoorn, D. Humphries, C. O. Hung, N. Immelman, Vanessa C. Irsik, G. Jahn, F. Jäkel, Marc Jekel, M. Johannesson, L. Johnson, David J. Johnson, Kate M. Johnson, William Johnston, K. Jonas, Jennifer A. Joy-Gaba, H. Kappes, Kim Kelso, Mallory C. Kidwell, Seung K. Kim, M. Kirkhart, Bennett Kleinberg, G. Knežević, F. Kolorz, J. Kossakowski, R. Krause, J.M.T. Krijnen, T. Kuhlmann, Y. Kunkels, Megan M. Kyc, Calvin K. Lai, Aamir Laique, D. Lakens, Kristin A. Lane, Bethany Lassetter, L. Lazarević, E. Bel, Key Jung Lee, Minha Lee, K. Lemm, C. Levitan, Melissa Lewis, Lin Lin, Stephanie C. Lin, Matthias Lippold, Darren Loureiro, Ilse Luteijn, S. Mackinnon, Heather N. Mainard, Denise C. Marigold, D. P. Martin, Tylar Martinez, E. Masicampo, Joshua J. Matacotta, Maya B. Mathur, Michael May, Nicole C Mechin, Pranjal H. Mehta, Johannes M. Meixner, Alissa Melinger, Jeremy K. Miller, Mallorie Miller, K. Moore, Marcus Möschl, Matt Motyl, S. Muller, M. Munafo, K. Neijenhuijs, Taylor Nervi, Gandalf Nicolas, G. Nilsonne, Brian A. Nosek, Michèle B. Nuijten, Catherine Olsson, C. Osborne, Lutz Ostkamp, M. Pavel, I. Penton-Voak, O. Perna, C. Pernet, M. Perugini, R. Pipitone, M. Pitts, F. Plessow, J. Prenoveau, R. Rahal, Kate A. Ratliff, David A. Reinhard, Frank Renkewitz, Ashley A. Ricker, A. Rigney, Andrew M Rivers, Mark A. Roebke, Abraham M. Rutchick, Robert S. Ryan, O. Şahin, Anondah Saide, Gillian M. Sandstrom, David Santos, R. Saxe, René Schlegelmilch, Kathleen Schmidt, Sabine Scholz, L. Seibel, Dylan Selterman, S. Shaki, W. B. Simpson, H. Sinclair, Jeanine L. M. Skorinko, A. Slowik, J. Snyder, C. Soderberg, Carina M. Sonnleitner, N. Spencer, Jeffrey R. Spies, S. Steegen, S. Stieger, Nina Strohminger, G. Sullivan, Thomas Talhelm, M. Tapia, A. T. Dorsthorst, M. Thomae, Sarah L. Thomas, Pia Tio, Frits Traets, Steve Tsang, F. Tuerlinckx, Paul Turchan, Milan Valášek, A. V. Veer, R. V. Aert, M. V. Assen, R. V. Bork, Mathijs van de Ven, D. V. D. Bergh, M. Hulst, R. V. Dooren, J. Doorn, D. V. Renswoude, H. Rijn, Wolf Vanpaemel, Alejandro Echeverría, Melissa Vazquez, Natalia Vélez, Marieke Vermue, M. Verschoor, M. Vianello, M. Voracek, Gina Vuu, E. Wagenmakers, Joanneke Weerdmeester, A. Welsh, Erin C. Westgate, Joeri Wissink, M. Wood, A. Woods, Emily M. Wright, Sining Wu, M. Zeelenberg, Kellylynn Zuni",2015,Science,6744,https://www.semanticscholar.org/paper/155391192091a99f44b377db1e0e7819f2317498,https://repository.ubn.ru.nl//bitstream/handle/2066/155639/155639.pdf,"Medicine, Psychology",2025-09-30 19:37:02.650735+00:00,155391192091a99f44b377db1e0e7819f2317498
4,What Uncertainties Do We Need in Bayesian Deep Learning for Computer Vision?,"Alex Kendall, Y. Gal",2017,Neural Information Processing Systems,4953,https://www.semanticscholar.org/paper/ff7bcaa4556cb13fc7bf03e477172493546172cd,https://arxiv.org/pdf/1703.04977.pdf,"Computer Science, Computer Science",2025-09-30 17:15:22.018487+00:00,ff7bcaa4556cb13fc7bf03e477172493546172cd
5,Boosting Adversarial Attacks with Momentum,"Yinpeng Dong, Fangzhou Liao, Tianyu Pang, Hang Su, Jun Zhu, Xiaolin Hu, Jianguo Li",2017,2018 IEEE/CVF Conference on Computer Vision and Pattern Recognition,2821,https://www.semanticscholar.org/paper/8e37a3b227b68953f8067215828dc8b8714cb21b,https://arxiv.org/pdf/1710.06081,"Computer Science, Computer Science",2025-09-30 19:38:19.872620+00:00,8e37a3b227b68953f8067215828dc8b8714cb21b
6,Energy and Policy Considerations for Deep Learning in NLP,"Emma Strubell, Ananya Ganesh, A. McCallum",2019,Annual Meeting of the Association for Computational Linguistics,2766,https://www.semanticscholar.org/paper/d6a083dad7114f3a39adc65c09bfbb6cf3fee9ea,https://www.aclweb.org/anthology/P19-1355.pdf,"Computer Science, Computer Science, Environmental Science, Economics, Political Science, Engineering",2025-09-30 20:40:36.240751+00:00,d6a083dad7114f3a39adc65c09bfbb6cf3fee9ea
7,Theoretically Principled Trade-off between Robustness and Accuracy,"Hongyang Zhang, Yaodong Yu, Jiantao Jiao, E. Xing, L. Ghaoui, Michael I. Jordan",2019,International Conference on Machine Learning,2679,https://www.semanticscholar.org/paper/6c405d4b5dc41a86be05acd59c06ed19daf01d14,https://arxiv.org/pdf/1901.08573.pdf,"Computer Science, Mathematics, Computer Science, Mathematics",2025-09-30 19:43:12.046466+00:00,6c405d4b5dc41a86be05acd59c06ed19daf01d14
8,Certified Adversarial Robustness via Randomized Smoothing,"Jeremy M. Cohen, Elan Rosenfeld, J. Z. Kolter",2019,International Conference on Machine Learning,2135,https://www.semanticscholar.org/paper/f7f73185e3975bb62a3c42b2ba6bd4db57fee8ed,https://arxiv.org/pdf/1902.02918.pdf,"Computer Science, Mathematics, Computer Science, Mathematics",2025-09-30 19:37:30.862167+00:00,f7f73185e3975bb62a3c42b2ba6bd4db57fee8ed
9,Reliable evaluation of adversarial robustness with an ensemble of diverse parameter-free attacks,"Francesco Croce, Matthias Hein",2020,International Conference on Machine Learning,1976,https://www.semanticscholar.org/paper/18939eadc9c4460c8385e0591cde214a1ead067b,https://arxiv.org/pdf/2003.01690.pdf,"Computer Science, Mathematics, Computer Science",2025-09-30 19:37:30.862167+00:00,18939eadc9c4460c8385e0591cde214a1ead067b
10,Attention mechanisms in computer vision: A survey,"Meng-Hao Guo, Tianhan Xu, Jiangjiang Liu, Zheng-Ning Liu, Peng-Tao Jiang, Tai-Jiang Mu, Song-Hai Zhang, Ralph Robert Martin, Ming-Ming Cheng, Shimin Hu",2021,Computational Visual Media,1876,https://www.semanticscholar.org/paper/45f686be3b96302ede327645227134e1c304dbab,https://link.springer.com/content/pdf/10.1007/s41095-022-0271-y.pdf,"Computer Science, Computer Science",2025-09-30 17:16:49.543275+00:00,45f686be3b96302ede327645227134e1c304dbab
11,Slide-seq: A scalable technology for measuring genome-wide expression at high spatial resolution,"Samuel G. Rodriques, Robert R. Stickels, A. Goeva, Carly A Martin, Evan Murray, C. Vanderburg, Joshua D. Welch, Linlin M Chen, Fei Chen, Evan Z. Macosko",2019,Science,1715,https://www.semanticscholar.org/paper/7045f05312b80bd7e995b5dad637938d626c3be2,https://doi.org/10.1101/563395,"Biology, Medicine, Biology",2025-09-30 19:36:21.047222+00:00,7045f05312b80bd7e995b5dad637938d626c3be2
12,Fighting COVID-19 Misinformation on Social Media: Experimental Evidence for a Scalable Accuracy-Nudge Intervention,"Gordon Pennycook, J. McPhetres, Yunhao Zhang, Jackson G. Lu, David G. Rand",2020,Psychology Science,1401,https://www.semanticscholar.org/paper/bc5facfd49ec7b635f2fe75a817def81cb9a1a24,https://www.ncbi.nlm.nih.gov/pmc/articles/PMC7366427,"Psychology, Medicine, Psychology",2025-09-30 19:36:21.047222+00:00,bc5facfd49ec7b635f2fe75a817def81cb9a1a24
13,Multi-Agent Reinforcement Learning: A Selective Overview of Theories and Algorithms,"K. Zhang, Zhuoran Yang, T. Başar",2019,Handbook of Reinforcement Learning and Control,1325,https://www.semanticscholar.org/paper/54d4a221db5a91a2487b1610374843fafff5a23d,https://arxiv.org/pdf/1911.10635.pdf,"Computer Science, Mathematics, Computer Science",2025-09-30 19:47:31.181693+00:00,54d4a221db5a91a2487b1610374843fafff5a23d
14,Adaptation and Natural Selection. (Book Reviews: Adaptation and Natural Selection: A Critique of Some Current Evolutionary Thought),G. Williams,2018,,1258,https://www.semanticscholar.org/paper/41f1c7399cf427c7f6b0ef56adce825de50156ff,,"Biology, Biology, Philosophy",2025-09-30 20:11:08.903143+00:00,41f1c7399cf427c7f6b0ef56adce825de50156ff
15,"Scopus as a curated, high-quality bibliometric data source for academic research in quantitative science studies","J. Baas, M. Schotten, A. Plume, Grégoire Côté, Reza Karimi",2020,Quantitative Science Studies,1235,https://www.semanticscholar.org/paper/0636653b82e152ba99b1d921b0aa2798aa845d1e,https://www.mitpressjournals.org/doi/pdf/10.1162/qss_a_00019,"Computer Science, Computer Science",2025-09-30 19:36:21.047222+00:00,0636653b82e152ba99b1d921b0aa2798aa845d1e
16,"Algorithm Unrolling: Interpretable, Efficient Deep Learning for Signal and Image Processing","V. Monga, Yuelong Li, Yonina C. Eldar",2019,IEEE Signal Processing Magazine,1099,https://www.semanticscholar.org/paper/4f71dc75896529d8653d8ef0ccc72bcce2c80e18,http://arxiv.org/pdf/1912.10557,"Engineering, Computer Science, Computer Science, Engineering",2025-09-30 17:12:29.445222+00:00,4f71dc75896529d8653d8ef0ccc72bcce2c80e18
17,Responsible Investing: The ESG-Efficient Frontier,"L. Pedersen, S. Fitzgibbons, Lukasz Pomorski",2019,Journal of Financial Economics,1095,https://www.semanticscholar.org/paper/9a456c68d84fe247e053add2ed0b08e80ba9c34a,https://doi.org/10.1016/j.jfineco.2020.11.001,"Economics, Economics, Business",2025-09-30 20:39:04.122137+00:00,9a456c68d84fe247e053add2ed0b08e80ba9c34a
18,GPQA: A Graduate-Level Google-Proof Q&A Benchmark,"David Rein, Betty Li Hou, Asa Cooper Stickland, Jackson Petty, Richard Yuanzhe Pang, Julien Dirani, Julian Michael, Samuel R. Bowman",2023,arXiv.org,1065,https://www.semanticscholar.org/paper/210b0a3d76e93079cc51b03c4115fde545eea966,https://arxiv.org/pdf/2311.12022.pdf,"Computer Science, Biology, Physics, Computer Science, Chemistry",2025-09-30 00:46:58.124675+00:00,210b0a3d76e93079cc51b03c4115fde545eea966
19,Reactome pathway analysis: a high-performance in-memory approach,"A. Fabregat, K. Sidiropoulos, Guilherme Viteri, Oscar Forner-Martinez, P. Marín-García, V. Arnau, P. D’Eustachio, L. Stein, H. Hermjakob",2017,BMC Bioinformatics,1041,https://www.semanticscholar.org/paper/6fe805d1646f0dc4ad661e3e6760b367d6dccc61,https://doi.org/10.1186/s12859-017-1559-2,"Computer Science, Medicine, Computer Science, Biology",2025-09-30 17:20:25.463748+00:00,6fe805d1646f0dc4ad661e3e6760b367d6dccc61
20,"Transcriptome-wide isoform-level dysregulation in ASD, schizophrenia, and bipolar disorder","M. Gandal, Pan Zhang, Evi Hadjimichael, R. Walker, Chao Chen, Shuang Liu, H. Won, H. van Bakel, M. Varghese, Yongjun Wang, Annie W Shieh, J. Haney, Sepideh Parhami, Judson Belmont, Minsoo Kim, Patricia Moran Losada, Z. Khan, J. Mleczko, Yan Xia, R. Dai, Daifeng Wang, Yucheng T. Yang, Min Xu, K. Fish, P. Hof, J. Warrell, Dominic Fitzgerald, K. White, A. Jaffe, M. Peters, M. Gerstein, Chunyu Liu, L. Iakoucheva, D. Pinto, D. Geschwind",2018,Science,986,https://www.semanticscholar.org/paper/52471c06b2bae00c08609f1f057c826a66b89ea0,https://science.sciencemag.org/content/sci/362/6420/eaat8127.full.pdf,"Biology, Medicine, Medicine, Psychology, Biology",2025-09-30 17:20:08.918466+00:00,52471c06b2bae00c08609f1f057c826a66b89ea0
21,Certified Robustness to Adversarial Examples with Differential Privacy,"Mathias Lécuyer, Vaggelis Atlidakis, Roxana Geambasu, Daniel J. Hsu, S. Jana",2018,IEEE Symposium on Security and Privacy,952,https://www.semanticscholar.org/paper/3e86a51d1f2051ab8f448b66c6dcc17924d17cfa,https://ieeexplore.ieee.org/ielx7/8826229/8835208/08835364.pdf,"Mathematics, Computer Science, Computer Science",2025-09-30 19:41:35.149517+00:00,3e86a51d1f2051ab8f448b66c6dcc17924d17cfa
22,Feature Denoising for Improving Adversarial Robustness,"Cihang Xie, Yuxin Wu, L. Maaten, A. Yuille, Kaiming He",2018,Computer Vision and Pattern Recognition,934,https://www.semanticscholar.org/paper/41071dbbbcbb27af3fec70de045f19c28535f5b7,https://arxiv.org/pdf/1812.03411,"Computer Science, Computer Science",2025-09-30 19:37:30.862167+00:00,41071dbbbcbb27af3fec70de045f19c28535f5b7
23,On Evaluating Adversarial Robustness,"Nicholas Carlini, Anish Athalye, Nicolas Papernot, Wieland Brendel, Jonas Rauber, Dimitris Tsipras, I. Goodfellow, A. Ma̧dry, Alexey Kurakin",2019,arXiv.org,930,https://www.semanticscholar.org/paper/be94fe9f2414639cd3f6cef0fdeafd4a10d1b2e5,https://arxiv.org/pdf/1902.06705.pdf,"Computer Science, Mathematics, Computer Science",2025-09-30 19:37:30.862167+00:00,be94fe9f2414639cd3f6cef0fdeafd4a10d1b2e5
24,Capabilities of GPT-4 on Medical Challenge Problems,"Harsha Nori, Nicholas King, S. McKinney, Dean Carignan, E. Horvitz",2023,arXiv.org,889,https://www.semanticscholar.org/paper/348a1efa54376fa39053e5e25d52bd0eb6a0ba68,http://arxiv.org/pdf/2303.13375,"Computer Science, Medicine, Computer Science",2025-09-30 20:11:32.773487+00:00,348a1efa54376fa39053e5e25d52bd0eb6a0ba68
25,Certifying Some Distributional Robustness with Principled Adversarial Training,"Aman Sinha, Hongseok Namkoong, John C. Duchi",2017,International Conference on Learning Representations,888,https://www.semanticscholar.org/paper/818c52f4ba56cb8cf152ad614f2f4803057a5cfe,https://arxiv.org/pdf/1710.10571.pdf,"Computer Science, Mathematics, Computer Science, Mathematics",2025-09-30 19:42:44.126872+00:00,818c52f4ba56cb8cf152ad614f2f4803057a5cfe
26,MM-Vet: Evaluating Large Multimodal Models for Integrated Capabilities,"Weihao Yu, Zhengyuan Yang, Linjie Li, Jianfeng Wang, Kevin Lin, Zicheng Liu, Xinchao Wang, Lijuan Wang",2023,International Conference on Machine Learning,848,https://www.semanticscholar.org/paper/94972e30504017156ef5b5debc419bf6edc67384,https://arxiv.org/pdf/2308.02490,"Computer Science, Computer Science",2025-09-30 20:11:32.773487+00:00,94972e30504017156ef5b5debc419bf6edc67384
27,Trends and challenges in robot manipulation,"A. Billard, D. Kragic",2019,Science,789,https://www.semanticscholar.org/paper/fee1e72a23203f00943db68ba9c0e444e12097aa,https://science.sciencemag.org/content/sci/364/6446/eaat8414.full.pdf,"Computer Science, Medicine, Engineering, Computer Science",2025-09-30 20:18:41.482062+00:00,fee1e72a23203f00943db68ba9c0e444e12097aa
28,Unlabeled Data Improves Adversarial Robustness,"Y. Carmon, Aditi Raghunathan, Ludwig Schmidt, Percy Liang, John C. Duchi",2019,Neural Information Processing Systems,766,https://www.semanticscholar.org/paper/b3f1aa12dde233aaf543bb9ccb27213c494e0fd5,https://arxiv.org/pdf/1905.13736.pdf,"Computer Science, Mathematics, Computer Science, Mathematics",2025-09-30 19:37:30.862167+00:00,b3f1aa12dde233aaf543bb9ccb27213c494e0fd5
29,Chatbot Arena: An Open Platform for Evaluating LLMs by Human Preference,"Wei-Lin Chiang, Lianmin Zheng, Ying Sheng, Anastasios Nikolas Angelopoulos, Tianle Li, Dacheng Li, Hao Zhang, Banghua Zhu, Michael Jordan, Joseph Gonzalez, Ion Stoica",2024,International Conference on Machine Learning,755,https://www.semanticscholar.org/paper/53f4fb0e9972989194368faf288ff8e3cba5bd60,https://arxiv.org/pdf/2403.04132.pdf,"Computer Science, Computer Science",2025-09-30 20:19:24.859394+00:00,53f4fb0e9972989194368faf288ff8e3cba5bd60
30,RobustBench: a standardized adversarial robustness benchmark,"Francesco Croce, Maksym Andriushchenko, Vikash Sehwag, Edoardo Debenedetti, Edoardo Debenedetti, M. Chiang, Prateek Mittal, Matthias Hein",2020,NeurIPS Datasets and Benchmarks,746,https://www.semanticscholar.org/paper/2aab97e35c43d961d645e650808d5b052ec180ab,https://arxiv.org/pdf/2010.09670.pdf,"Computer Science, Mathematics, Computer Science",2025-09-30 19:37:30.862167+00:00,2aab97e35c43d961d645e650808d5b052ec180ab
31,Experimental Economics,Prof. Rosemarie Nagel,2021,Encyclopedia of Evolutionary Psychological Science,737,https://www.semanticscholar.org/paper/8e261143f49425ccfedbf4cbc8dcf949eaad909d,https://link.springer.com/content/pdf/bfm:978-3-642-51179-0/1,Economics,2025-09-30 20:28:16.358725+00:00,8e261143f49425ccfedbf4cbc8dcf949eaad909d
32,Transformer Interpretability Beyond Attention Visualization,"Hila Chefer, Shir Gur, Lior Wolf",2020,Computer Vision and Pattern Recognition,735,https://www.semanticscholar.org/paper/0acd7ff5817d29839b40197f7a4b600b7fba24e4,http://arxiv.org/pdf/2012.09838,"Computer Science, Computer Science",2025-09-30 17:15:38.157461+00:00,0acd7ff5817d29839b40197f7a4b600b7fba24e4
33,Efficient Multi-Scale Attention Module with Cross-Spatial Learning,"Daliang Ouyang, Su He, Jian Zhan, Huaiyong Guo, Zhijie Huang, M.L. Luo, Guo-Liang Zhang",2023,"IEEE International Conference on Acoustics, Speech, and Signal Processing",732,https://www.semanticscholar.org/paper/742ac22a2ab6ac283698dbe998f9003e11968b72,https://arxiv.org/pdf/2305.13563,"Computer Science, Computer Science",2025-09-30 17:16:49.543275+00:00,742ac22a2ab6ac283698dbe998f9003e11968b72
34,Improving Adversarial Robustness Requires Revisiting Misclassified Examples,"Yisen Wang, Difan Zou, Jinfeng Yi, J. Bailey, Xingjun Ma, Quanquan Gu",2020,International Conference on Learning Representations,730,https://www.semanticscholar.org/paper/764eff31d9596033859895d9513b838d2c57a6fb,,"Computer Science, Computer Science",2025-09-30 19:37:30.862167+00:00,764eff31d9596033859895d9513b838d2c57a6fb
35,Improving the Adversarial Robustness and Interpretability of Deep Neural Networks by Regularizing their Input Gradients,"A. Ross, F. Doshi-Velez",2017,AAAI Conference on Artificial Intelligence,700,https://www.semanticscholar.org/paper/ac8e45a0451ac578f17f631fc2663ee4b98b83a9,https://ojs.aaai.org/index.php/AAAI/article/download/11504/11363,"Computer Science, Mathematics, Computer Science",2025-09-30 19:37:30.862167+00:00,ac8e45a0451ac578f17f631fc2663ee4b98b83a9
36,KTO: Model Alignment as Prospect Theoretic Optimization,"Kawin Ethayarajh, Winnie Xu, Niklas Muennighoff, Dan Jurafsky, Douwe Kiela",2024,International Conference on Machine Learning,678,https://www.semanticscholar.org/paper/c0d8e5ee66c279299012cc3b8d0519011b3f4998,https://arxiv.org/pdf/2402.01306.pdf,"Computer Science, Computer Science",2025-09-30 20:04:33.198032+00:00,c0d8e5ee66c279299012cc3b8d0519011b3f4998
37,A comprehensive AI policy education framework for university teaching and learning,C. Chan,2023,International Journal of Educational Technology in Higher Education,650,https://www.semanticscholar.org/paper/781cfd3b72b3bc690b15433cbbc012487d5553dd,https://educationaltechnologyjournal.springeropen.com/counter/pdf/10.1186/s41239-023-00408-3,"Computer Science, Education, Computer Science, Political Science",2025-09-30 20:30:26.418344+00:00,781cfd3b72b3bc690b15433cbbc012487d5553dd
38,Toward an Integration of Deep Learning and Neuroscience,"A. Marblestone, Greg Wayne, Konrad Paul Kording",2016,bioRxiv,646,https://www.semanticscholar.org/paper/2dec4f52b1ce552b416f086d4ea1040626675dfa,https://www.frontiersin.org/articles/10.3389/fncom.2016.00094/pdf,"Biology, Medicine, Computer Science, Mathematics, Computer Science",2025-09-30 17:11:46.671352+00:00,2dec4f52b1ce552b416f086d4ea1040626675dfa
39,Interpretability in the Wild: a Circuit for Indirect Object Identification in GPT-2 small,"Kevin Wang, Alexandre Variengien, Arthur Conmy, Buck Shlegeris, J. Steinhardt",2022,International Conference on Learning Representations,644,https://www.semanticscholar.org/paper/6edd112383ad494f5f2eba72b6f4ffae122ce61f,https://arxiv.org/pdf/2211.00593,"Computer Science, Computer Science",2025-09-29 20:01:28.298552+00:00,6edd112383ad494f5f2eba72b6f4ffae122ce61f
40,Distributed robust finite-time nonlinear consensus protocols for multi-agent systems,"Zongyu Zuo, Lin Tie",2016,International Journal of Systems Science,641,https://www.semanticscholar.org/paper/54b8f8a44ffc8fb9ac5a3d02ab72c47452c957b5,,"Mathematics, Computer Science, Engineering, Computer Science",2025-09-30 19:34:06.637543+00:00,54b8f8a44ffc8fb9ac5a3d02ab72c47452c957b5
41,The imperative for regulatory oversight of large language models (or generative AI) in healthcare,"B. Meskó, E. Topol",2023,npj Digit. Medicine,627,https://www.semanticscholar.org/paper/0893549771094fac547432cb4f84e9605c911a86,https://www.nature.com/articles/s41746-023-00873-0.pdf,"Computer Science, Medicine, Medicine, Computer Science, Law",2025-09-30 00:46:58.124675+00:00,0893549771094fac547432cb4f84e9605c911a86
42,Energy and Policy Considerations for Modern Deep Learning Research,"Emma Strubell, Ananya Ganesh, A. McCallum",2020,AAAI Conference on Artificial Intelligence,608,https://www.semanticscholar.org/paper/5f2c083f80073c56c41c4ea66ae48312513c55aa,https://ojs.aaai.org/index.php/AAAI/article/download/7123/6977,"Computer Science, Environmental Science, Economics, Computer Science, Political Science, Engineering",2025-09-30 20:40:40.518107+00:00,5f2c083f80073c56c41c4ea66ae48312513c55aa
43,On the information bottleneck theory of deep learning,"Andrew M. Saxe, Yamini Bansal, Joel Dapello, Madhu S. Advani, Artemy Kolchinsky, Brendan D. Tracey, David D. Cox",2018,International Conference on Learning Representations,600,https://www.semanticscholar.org/paper/0a255e716a89b787336ab956f0aa74424629c950,,"Physics, Computer Science, Computer Science",2025-09-30 17:21:19.335053+00:00,0a255e716a89b787336ab956f0aa74424629c950
44,BeaverTails: Towards Improved Safety Alignment of LLM via a Human-Preference Dataset,"Jiaming Ji, Mickel Liu, Juntao Dai, Xuehai Pan, Chi Zhang, Ce Bian, Ruiyang Sun, Yizhou Wang, Yaodong Yang",2023,Neural Information Processing Systems,591,https://www.semanticscholar.org/paper/92930ed3560ea6c86d53cf52158bc793b089054d,https://arxiv.org/pdf/2307.04657,"Computer Science, Computer Science",2025-09-30 20:19:48.735286+00:00,92930ed3560ea6c86d53cf52158bc793b089054d
45,Economic and Social Upgrading in Global Value Chains and Industrial Clusters: Why Governance Matters,"G. Gereffi, Joonkoo Lee",2016,,577,https://www.semanticscholar.org/paper/11f96e34f53c5105697f0ad6c736b5f1ed6e8290,https://dukespace.lib.duke.edu/dspace/bitstream/10161/11535/4/2016-01-24_Gereffi%20%26%20Lee_JBE_Economic%20%26%20social%20upgrading%20in%20GVCs%20%26%20clusters%20-%20governance%20matters.pdf,"Economics, Economics, Business",2025-09-30 20:39:14.731120+00:00,11f96e34f53c5105697f0ad6c736b5f1ed6e8290
46,Diverse evolutionary roots and mechanistic variations of the CRISPR-Cas systems,"Prarthana Mohanraju, K. Makarova, Bernd Zetsche, Feng Zhang, E. Koonin, J. van der Oost",2016,Science,570,https://www.semanticscholar.org/paper/d4b05a8aeba82e279fcf783f670521c97d0e3ba5,https://science.sciencemag.org/content/sci/353/6299/aad5147.full.pdf,"Biology, Medicine, Biology",2025-09-30 17:20:32.702980+00:00,d4b05a8aeba82e279fcf783f670521c97d0e3ba5
47,Adversarial Examples for Malware Detection,"Kathrin Grosse, Nicolas Papernot, Praveen Manoharan, M. Backes, P. Mcdaniel",2017,European Symposium on Research in Computer Security,547,https://www.semanticscholar.org/paper/1531178873510075121efe26dc377f63b02b3d5d,,"Computer Science, Computer Science",2025-09-30 19:38:41.677026+00:00,1531178873510075121efe26dc377f63b02b3d5d
48,HarmBench: A Standardized Evaluation Framework for Automated Red Teaming and Robust Refusal,"Mantas Mazeika, Long Phan, Xuwang Yin, Andy Zou, Zifan Wang, Norman Mu, Elham Sakhaee, Nathaniel Li, Steven Basart, Bo Li, David Forsyth, Dan Hendrycks",2024,International Conference on Machine Learning,538,https://www.semanticscholar.org/paper/b82ccc66c14f531a444c74d2a9a9d86a86a8be99,https://arxiv.org/pdf/2402.04249.pdf,"Computer Science, Computer Science",2025-09-30 19:38:58.564472+00:00,b82ccc66c14f531a444c74d2a9a9d86a86a8be99
49,Recent Advances in Adversarial Training for Adversarial Robustness,"Tao Bai, Jinqi Luo, Jun Zhao, B. Wen, Qian Wang",2021,International Joint Conference on Artificial Intelligence,529,https://www.semanticscholar.org/paper/17af9510a38e4dec93398707f11d833c8af36254,https://www.ijcai.org/proceedings/2021/0591.pdf,"Computer Science, Computer Science, Mathematics",2025-09-30 19:37:30.862167+00:00,17af9510a38e4dec93398707f11d833c8af36254
50,Tensor Networks for Dimensionality Reduction and Large-scale Optimization: Part 1 Low-Rank Tensor Decompositions,"A. Cichocki, Namgil Lee, I. Oseledets, A. Phan, Qibin Zhao, D. Mandic",2016,Found. Trends Mach. Learn.,518,https://www.semanticscholar.org/paper/0033fabb9f9dad4bdaa81470593601d9506d2812,https://arxiv.org/pdf/1609.00893,"Computer Science, Engineering, Computer Science, Mathematics",2025-09-30 17:14:04.866246+00:00,0033fabb9f9dad4bdaa81470593601d9506d2812
51,Progress measures for grokking via mechanistic interpretability,"Neel Nanda, Lawrence Chan, Tom Lieberum, Jess Smith, J. Steinhardt",2023,International Conference on Learning Representations,517,https://www.semanticscholar.org/paper/f680d47a51a0e470fcb228bf0110c026535ead1b,http://arxiv.org/pdf/2301.05217,"Computer Science, Computer Science",2025-09-29 20:01:13.784216+00:00,f680d47a51a0e470fcb228bf0110c026535ead1b
52,Formal Guarantees on the Robustness of a Classifier against Adversarial Manipulation,"Matthias Hein, Maksym Andriushchenko",2017,Neural Information Processing Systems,515,https://www.semanticscholar.org/paper/255d2c2af6d7abbbebfc03dab51cd8574ad3558e,https://arxiv.org/pdf/1705.08475.pdf,"Computer Science, Mathematics, Computer Science",2025-09-30 19:41:49.524493+00:00,255d2c2af6d7abbbebfc03dab51cd8574ad3558e
53,Sparse coding with memristor networks.,"P. Sheridan, F. Cai, Chao Du, Wen Ma, Zhengya Zhang, Wei D. Lu",2017,Nature Nanotechnology,507,https://www.semanticscholar.org/paper/96b4a21b810787ec321e8fa24f2a4ed43a3e0bac,,"Physics, Medicine, Computer Science, Engineering",2025-09-30 17:12:44.240120+00:00,96b4a21b810787ec321e8fa24f2a4ed43a3e0bac
54,Evaluating the Robustness of Neural Networks: An Extreme Value Theory Approach,"Tsui-Wei Weng, Huan Zhang, Pin-Yu Chen, Jinfeng Yi, D. Su, Yupeng Gao, Cho-Jui Hsieh, L. Daniel",2018,International Conference on Learning Representations,481,https://www.semanticscholar.org/paper/72de5578808c87c5bab305e46854fdf0b0b2ddab,https://arxiv.org/pdf/1801.10578.pdf,"Mathematics, Computer Science, Computer Science, Mathematics",2025-09-30 19:43:12.046466+00:00,72de5578808c87c5bab305e46854fdf0b0b2ddab
55,"Multi-laboratory assessment of reproducibility, qualitative and quantitative performance of SWATH-mass spectrometry","Ben C. Collins, C. Hunter, Yansheng Liu, B. Schilling, George A. Rosenberger, Samuel L. Bader, D. Chan, B. Gibson, A. Gingras, Jason M. Held, Mio Hirayama-Kurogi, Guixue Hou, C. Krisp, B. Larsen, Liang Lin, Siqi Liu, M. Molloy, R. Moritz, S. Ohtsuki, R. Schlapbach, N. Selevsek, Stefani N. Thomas, S. Tzeng, Hui Zhang, R. Aebersold",2016,bioRxiv,476,https://www.semanticscholar.org/paper/9c55acff92bfc3dfc5b12eddbb845c075896d866,https://doi.org/10.1038/s41467-017-00249-5,"Biology, Medicine, Computer Science, Chemistry, Biology, Medicine",2025-09-30 19:37:02.650735+00:00,9c55acff92bfc3dfc5b12eddbb845c075896d866
56,Dynamic capabilities as (workable) management systems theory,D. Teece,2018,Journal of Management &#x0026; Organization,469,https://www.semanticscholar.org/paper/937ec3be69cd90d755ede5441476415af33fb485,https://www.cambridge.org/core/services/aop-cambridge-core/content/view/0F3A795EE011931B83135B324C33393E/S183336721700075Xa.pdf/div-class-title-dynamic-capabilities-as-workable-management-systems-theory-div.pdf,"Computer Science, Business",2025-09-30 20:10:15.747734+00:00,937ec3be69cd90d755ede5441476415af33fb485
57,Mathematical Capabilities of ChatGPT,"Simon Frieder, Luca Pinchetti, Ryan-Rhys Griffiths, Tommaso Salvatori, Thomas Lukasiewicz, Philipp Petersen, Alexis Chevalier, J. Berner",2023,Neural Information Processing Systems,460,https://www.semanticscholar.org/paper/3f2cb353c7528efafb847309ab1e1e95245740a4,https://arxiv.org/pdf/2301.13867.pdf,"Computer Science, Mathematics, Computer Science",2025-09-30 20:11:32.773487+00:00,3f2cb353c7528efafb847309ab1e1e95245740a4
58,The Theory of Dyadic Morality: Reinventing Moral Judgment by Redefining Harm,"Chelsea Schein, Kurt Gray",2018,Personality and Social Psychology Review,454,https://www.semanticscholar.org/paper/71e112d097d1c9869cf774312f80203a8c3b626f,https://journals.sagepub.com/doi/pdf/10.1177/1088868317698288,"Psychology, Medicine, Philosophy",2025-09-30 20:21:45.579608+00:00,71e112d097d1c9869cf774312f80203a8c3b626f
59,Improving Adversarial Robustness via Promoting Ensemble Diversity,"Tianyu Pang, Kun Xu, Chao Du, Ning Chen, Jun Zhu",2019,International Conference on Machine Learning,451,https://www.semanticscholar.org/paper/676e40050453ddeb1387f8314478c0ac3681a8c6,https://arxiv.org/pdf/1901.08846.pdf,"Computer Science, Mathematics, Computer Science",2025-09-30 19:37:30.862167+00:00,676e40050453ddeb1387f8314478c0ac3681a8c6
60,Collaborative Networks: Integrating Blockchain for Enhanced Trust and Transparency,"Ajit Kumar, Om Prakash Roy",2024,International Journal of Innovative Science and Research Technology,430,https://www.semanticscholar.org/paper/665b021651aa351bee0f14825d7cc8b96f8a560a,https://doi.org/10.38124/ijisrt/ijisrt24jul180,"Computer Science, Business",2025-09-30 20:27:42.707261+00:00,665b021651aa351bee0f14825d7cc8b96f8a560a
61,Sparse Signal Processing for Grant-Free Massive Connectivity: A Future Paradigm for Random Access Protocols in the Internet of Things,"Liang Liu, E. Larsson, Wei Yu, P. Popovski, Č. Stefanović, E. de Carvalho",2018,IEEE Signal Processing Magazine,429,https://www.semanticscholar.org/paper/2ace2a3eb70914193a9174905f6c89f04f23fcdd,https://liu.diva-portal.org/smash/get/diva2:1250695/FULLTEXT01,"Mathematics, Computer Science, Computer Science, Engineering",2025-09-30 17:12:44.240120+00:00,2ace2a3eb70914193a9174905f6c89f04f23fcdd
62,Efficient Decision-Based Black-Box Adversarial Attacks on Face Recognition,"Yinpeng Dong, Hang Su, Baoyuan Wu, Zhifeng Li, W. Liu, Tong Zhang, Jun Zhu",2019,Computer Vision and Pattern Recognition,418,https://www.semanticscholar.org/paper/2346706f89192fb3fcd5cc2a02732f928ef1c408,https://arxiv.org/pdf/1904.04433,"Computer Science, Computer Science",2025-09-30 19:38:41.677026+00:00,2346706f89192fb3fcd5cc2a02732f928ef1c408
63,Optimal Mass Transport: Signal processing and machine-learning applications,"Soheil Kolouri, Se Rim Park, Matthew Thorpe, D. Slepčev, G. Rohde",2017,IEEE Signal Processing Magazine,416,https://www.semanticscholar.org/paper/896191c053a5c98f2478cb20246ae447ebcd6e38,https://europepmc.org/articles/pmc6024256?pdf=render,"Medicine, Computer Science, Computer Science, Mathematics, Engineering",2025-09-30 17:12:29.445222+00:00,896191c053a5c98f2478cb20246ae447ebcd6e38
64,GPTFUZZER: Red Teaming Large Language Models with Auto-Generated Jailbreak Prompts,"Jiahao Yu, Xingwei Lin, Zheng Yu, Xinyu Xing",2023,arXiv.org,407,https://www.semanticscholar.org/paper/d4177489596748e43aa571f59556097f2cc4c8be,https://arxiv.org/pdf/2309.10253,"Computer Science, Computer Science",2025-09-30 19:38:58.564472+00:00,d4177489596748e43aa571f59556097f2cc4c8be
65,DDSP: Differentiable Digital Signal Processing,"Jesse Engel, Lamtharn Hantrakul, Chenjie Gu, Adam Roberts",2020,International Conference on Learning Representations,404,https://www.semanticscholar.org/paper/468aa95cfdf66da9fc3dc6a1b9042a52a6ec99c6,https://arxiv.org/pdf/2001.04643.pdf,"Computer Science, Engineering, Mathematics, Computer Science",2025-09-30 17:12:29.445222+00:00,468aa95cfdf66da9fc3dc6a1b9042a52a6ec99c6
66,Incentive Mechanisms for Crowdsensing: Crowdsourcing With Smartphones,"Dejun Yang, G. Xue, Xi Fang, Jian Tang",2016,IEEE/ACM Transactions on Networking,391,https://www.semanticscholar.org/paper/d8403984bff42604cce78876efb31c11321bfed8,,"Computer Science, Computer Science, Economics",2025-09-30 19:25:00.241891+00:00,d8403984bff42604cce78876efb31c11321bfed8
67,Tensor Ring Decomposition,"Qibin Zhao, Guoxu Zhou, Shengli Xie, Liqing Zhang, A. Cichocki",2016,arXiv.org,382,https://www.semanticscholar.org/paper/8222b8e59b497a785c5bc7cbd63379af458da42e,https://arxiv.org/pdf/1606.05535.pdf,"Mathematics, Computer Science, Computer Science, Mathematics",2025-09-30 17:14:04.866246+00:00,8222b8e59b497a785c5bc7cbd63379af458da42e
68,Understanding Adversarial Training: Increasing Local Stability of Neural Nets through Robust Optimization,"Uri Shaham, Yutaro Yamada, S. Negahban",2015,arXiv.org,382,https://www.semanticscholar.org/paper/24529bffa95f07c01ccf6f02eb4dc9d859430159,,"Computer Science, Computer Science",2025-09-30 19:42:37.309933+00:00,24529bffa95f07c01ccf6f02eb4dc9d859430159
69,Systems biology and gene networks in neurodevelopmental and neurodegenerative disorders,"N. Parikshak, M. Gandal, D. Geschwind",2015,Nature reviews genetics,380,https://www.semanticscholar.org/paper/9c9561d5fab2f27aa9cb0d535cafdc69cee17806,https://www.ncbi.nlm.nih.gov/pmc/articles/PMC4699316,"Medicine, Biology, Biology, Medicine, Computer Science",2025-09-30 17:20:08.918466+00:00,9c9561d5fab2f27aa9cb0d535cafdc69cee17806
70,Diffusion Model Alignment Using Direct Preference Optimization,"Bram Wallace, Meihua Dang, Rafael Rafailov, Linqi Zhou, Aaron Lou, Senthil Purushwalkam, Stefano Ermon, Caiming Xiong, Shafiq R. Joty, Nikhil Naik",2023,Computer Vision and Pattern Recognition,377,https://www.semanticscholar.org/paper/f5275c61736781d236abe6700b822f1ea62f982e,https://arxiv.org/pdf/2311.12908,"Computer Science, Computer Science",2025-09-30 20:19:48.735286+00:00,f5275c61736781d236abe6700b822f1ea62f982e
71,Blockchains and the economic institutions of capitalism,"S. Davidson, Primavera de Filippi, J. Potts",2018,Journal of Institutional Economics,377,https://www.semanticscholar.org/paper/4557545f664a0deae2bc17adae2e53387c352acc,https://hal.archives-ouvertes.fr/hal-01850927/file/57%20-%20%282018%29%20JoIE%20-%20Blockchain%20and%20Capitalism.pdf,"Business, Economics, Computer Science",2025-09-30 20:44:22.120256+00:00,4557545f664a0deae2bc17adae2e53387c352acc
72,AI governance in the public sector: Three tales from the frontiers of automated decision-making in democratic settings,"Maciej Kuziemski, Gianluca Misuraca",2020,Telecommunications Policy,359,https://www.semanticscholar.org/paper/8c6eb863e01fd4c95e46a1f4be91bb98b2013c7f,https://europepmc.org/articles/pmc7164913?pdf=render,"Business, Medicine, Political Science, Computer Science",2025-09-30 20:30:21.957911+00:00,8c6eb863e01fd4c95e46a1f4be91bb98b2013c7f
73,Integral Barrier Lyapunov function-based adaptive control for switched nonlinear systems,"Lei Liu, Yanjun Liu, Aiqing Chen, Shaocheng Tong, C. L. Chen",2020,Science China Information Sciences,358,https://www.semanticscholar.org/paper/e018b428668a2c9739e7e6f9970956c481c7e5e1,,"Computer Science, Engineering",2025-09-30 20:05:52.767349+00:00,e018b428668a2c9739e7e6f9970956c481c7e5e1
74,"Connecting the Dots in Trustworthy Artificial Intelligence: From AI Principles, Ethics, and Key Requirements to Responsible AI Systems and Regulation","Natalia Díaz Rodríguez, J. Ser, Mark Coeckelbergh, Marcos L'opez de Prado, E. Herrera-Viedma, Francisco Herrera",2023,Information Fusion,357,https://www.semanticscholar.org/paper/b47f132fd09632cfc986a99caa70c8f2f958e88d,http://arxiv.org/pdf/2305.02231,"Computer Science, Computer Science, Law, Philosophy",2025-09-30 20:52:48.978165+00:00,b47f132fd09632cfc986a99caa70c8f2f958e88d
75,Towards Automated Circuit Discovery for Mechanistic Interpretability,"Arthur Conmy, Augustine N. Mavor-Parker, Aengus Lynch, Stefan Heimersheim, Adrià Garriga-Alonso",2023,Neural Information Processing Systems,356,https://www.semanticscholar.org/paper/eefbd8b384a58f464827b19e30a6920ba976def9,https://arxiv.org/pdf/2304.14997,"Computer Science, Computer Science, Engineering",2025-09-29 20:01:14.252982+00:00,eefbd8b384a58f464827b19e30a6920ba976def9
76,Certifiable Distributional Robustness with Principled Adversarial Training,"Aman Sinha, Hongseok Namkoong, John C. Duchi",2017,arXiv.org,356,https://www.semanticscholar.org/paper/a295f76c2afb7f79a970ccf086f16168d976bb93,,"Computer Science, Computer Science, Mathematics",2025-09-30 19:42:44.126872+00:00,a295f76c2afb7f79a970ccf086f16168d976bb93
77,Foundations of Data Science,"Avrim Blum, J. Hopcroft, R. Kannan",2020,,355,https://www.semanticscholar.org/paper/88ca84ce36ddc1bf7b6593b7f73fe2663e2365ad,https://www.cambridge.org/core/services/aop-cambridge-core/content/view/6679F71E6B5F39924C72617003C0821A/9781108485067C1_1-3.pdf/introduction.pdf,"Computer Science, Computer Science, Mathematics",2025-09-30 19:59:59.578555+00:00,88ca84ce36ddc1bf7b6593b7f73fe2663e2365ad
78,"Mechanisms of Change in the Relationship between Self-Compassion, Emotion Regulation, and Mental Health: A Systematic Review.","Elisa Inwood, Madeleine Ferrari",2018,Applied Psychology: Health and Well-Being,352,https://www.semanticscholar.org/paper/72ea397541695d1dcaa2b2e83dd60c30f6482898,https://onlinelibrary.wiley.com/doi/pdfdirect/10.1111/aphw.12127,"Medicine, Psychology, Psychology",2025-09-30 19:36:44.998042+00:00,72ea397541695d1dcaa2b2e83dd60c30f6482898
79,Model Predictive Path Integral Control: From Theory to Parallel Computation,"Grady Williams, Andrew Aldrich, Evangelos A. Theodorou",2017,,351,https://www.semanticscholar.org/paper/ddc1d2830c5979bb07ca631fa711e1e384d5ddfa,https://arc.aiaa.org/doi/pdf/10.2514/1.G001921,"Computer Science, Engineering, Computer Science",2025-09-30 20:05:45.920661+00:00,ddc1d2830c5979bb07ca631fa711e1e384d5ddfa
80,Reliability engineering and risk analysis : a practical guide,"M. Modarres, M. Kaminskiy, Vasiliy V. Krivtsov",2016,,333,https://www.semanticscholar.org/paper/d7d27ed5ad148315a9777b093be00887d8a516b1,,"Computer Science, Engineering",2025-09-30 19:45:44.635102+00:00,d7d27ed5ad148315a9777b093be00887d8a516b1
81,Weak-to-Strong Generalization: Eliciting Strong Capabilities With Weak Supervision,"Collin Burns, Pavel Izmailov, J. Kirchner, Bowen Baker, Leo Gao, Leopold Aschenbrenner, Yining Chen, Adrien Ecoffet, Manas R. Joglekar, Jan Leike, I. Sutskever, Jeff Wu, OpenAI",2023,International Conference on Machine Learning,326,https://www.semanticscholar.org/paper/6b97aa78bcdb88548c44e7e1671c0ed37ed37976,https://arxiv.org/pdf/2312.09390.pdf,"Computer Science, Computer Science",2025-09-30 20:11:32.773487+00:00,6b97aa78bcdb88548c44e7e1671c0ed37ed37976
82,Sensitivity of decomposition rates of soil organic matter with respect to simultaneous changes in temperature and moisture,"Carlos A. Sierra, S. Trumbore, Eric A. Davidson, S. Vicca, Ivan A. Janssens",2015,,312,https://www.semanticscholar.org/paper/137df6197a9064a188565311a2c3082e8e01a4ff,https://onlinelibrary.wiley.com/doi/pdfdirect/10.1002/2014MS000358,"Environmental Science, Environmental Science",2025-09-30 17:14:04.866246+00:00,137df6197a9064a188565311a2c3082e8e01a4ff
83,Information-Theoretic Model Predictive Control: Theory and Applications to Autonomous Driving,"Grady Williams, P. Drews, Brian Goldfain, James M. Rehg, Evangelos A. Theodorou",2017,IEEE Transactions on robotics,304,https://www.semanticscholar.org/paper/287d8bcbeac19e93370200df2620a1ce71a16c81,https://doi.org/10.1109/tro.2018.2865891,"Computer Science, Engineering, Engineering, Computer Science",2025-09-30 20:05:45.920661+00:00,287d8bcbeac19e93370200df2620a1ce71a16c81
84,Preference Ranking Optimization for Human Alignment,"Feifan Song, Yu Bowen, Minghao Li, Haiyang Yu, Fei Huang, Yongbin Li, Houfeng Wang",2023,AAAI Conference on Artificial Intelligence,295,https://www.semanticscholar.org/paper/19db2d61f20a6c439cc79f28ef4c9e4bf26cd20e,http://arxiv.org/pdf/2306.17492,"Computer Science, Computer Science",2025-09-30 20:19:48.735286+00:00,19db2d61f20a6c439cc79f28ef4c9e4bf26cd20e
85,Invariance Principle Meets Information Bottleneck for Out-of-Distribution Generalization,"Kartik Ahuja, Ethan Caballero, Dinghuai Zhang, Yoshua Bengio, Ioannis Mitliagkas, I. Rish",2021,Neural Information Processing Systems,290,https://www.semanticscholar.org/paper/4390d210bfd4cd7b646f13f287f44f9620a4f214,https://arxiv.org/pdf/2106.06607.pdf,"Computer Science, Mathematics, Computer Science",2025-09-30 17:21:19.335053+00:00,4390d210bfd4cd7b646f13f287f44f9620a4f214
86,Theoretical foundations of human decision-making in agent-based land use models - A review,"J. Groeneveld, B. Müller, C. M. Buchmann, G. Dressler, C. Guo, Niklas Hase, Falk Hoffmann, F. John, C. Klassert, T. Lauf, V. Liebelt, Henning Nolzen, N. Pannicke, Jule Schulze, Hanna Weise, Nina Schwarz",2017,Environmental Modelling & Software,290,https://www.semanticscholar.org/paper/212b5d7ea7cc50642454d353d68d90b22a7605b9,https://ris.utwente.nl/ws/files/223255815/schwarz_the.pdf,"Engineering, Computer Science, Environmental Science, Computer Science",2025-09-30 19:47:31.181693+00:00,212b5d7ea7cc50642454d353d68d90b22a7605b9
87,2020 Index IEEE Transactions on Parallel and Distributed Systems Vol. 31,"Yawei Li, Zhiling Lan, Prashasta Gujrati, Xian-He Sun",2021,IEEE Transactions on Parallel and Distributed Systems,288,https://www.semanticscholar.org/paper/f1a13b593e0d224219cdd606c8f9e871b35382bd,https://ieeexplore.ieee.org/ielx7/71/9152195/09247542.pdf,"Computer Science, Engineering",2025-09-30 19:32:50.906121+00:00,f1a13b593e0d224219cdd606c8f9e871b35382bd
88,Fixing Data Augmentation to Improve Adversarial Robustness,"Sylvestre-Alvise Rebuffi, Sven Gowal, D. A. Calian, Florian Stimberg, Olivia Wiles, Timothy A. Mann",2021,arXiv.org,285,https://www.semanticscholar.org/paper/762752eb9a9a92b028026b17c46d50474ddf3f06,https://arxiv.org/pdf/2103.01946.pdf,"Computer Science, Computer Science",2025-09-30 19:37:30.862167+00:00,762752eb9a9a92b028026b17c46d50474ddf3f06
89,"Safe Control With Learned Certificates: A Survey of Neural Lyapunov, Barrier, and Contraction Methods for Robotics and Control","Charles Dawson, Sicun Gao, Chuchu Fan",2022,IEEE Transactions on robotics,281,https://www.semanticscholar.org/paper/a8cd8d3e76ce4d986f938764a086e1a3d4706973,https://arxiv.org/pdf/2202.11762.pdf,"Computer Science, Engineering, Engineering, Computer Science",2025-09-30 20:05:52.767349+00:00,a8cd8d3e76ce4d986f938764a086e1a3d4706973
90,A Survey of Incentive Mechanism Design for Federated Learning,"Yufeng Zhan, J. Zhang, Zicong Hong, Leijie Wu, Peng Li, Song Guo",2021,IEEE Transactions on Emerging Topics in Computing,277,https://www.semanticscholar.org/paper/d3bb042839c23c5b74f7ffde247a6f4abcdaddc4,,"Computer Science, Computer Science",2025-09-30 19:23:56.871222+00:00,d3bb042839c23c5b74f7ffde247a6f4abcdaddc4
91,Learning Robust Representations via Multi-View Information Bottleneck,"M. Federici, Anjan Dutta, Patrick Forr'e, Nate Kushman, Zeynep Akata",2020,International Conference on Learning Representations,276,https://www.semanticscholar.org/paper/4bf832104a47c380eb4413b20a9d5bf06649684f,https://arxiv.org/pdf/2002.07017.pdf,"Computer Science, Mathematics, Computer Science",2025-09-30 17:21:19.335053+00:00,4bf832104a47c380eb4413b20a9d5bf06649684f
92,Irritability in Youths: A Translational Model.,"M. Brotman, K. Kircanski, A. Stringaris, D. Pine, E. Leibenluft",2017,American Journal of Psychiatry,275,https://www.semanticscholar.org/paper/090d9b099d28151ff09deb9c8008b18604ed4a1a,https://ajp.psychiatryonline.org/doi/pdf/10.1176/appi.ajp.2016.16070839,"Psychology, Medicine, Psychology",2025-09-30 17:12:01.578367+00:00,090d9b099d28151ff09deb9c8008b18604ed4a1a
93,Robots That Ask For Help: Uncertainty Alignment for Large Language Model Planners,"Allen Z. Ren, Anushri Dixit, Alexandra Bodrova, Sumeet Singh, Stephen Tu, Noah Brown, Peng Xu, L. Takayama, F. Xia, Jacob Varley, Zhenjia Xu, Dorsa Sadigh, Andy Zeng, Anirudha Majumdar",2023,Conference on Robot Learning,273,https://www.semanticscholar.org/paper/d1500f1dbd62e26ef0753f31e845078f58479968,https://arxiv.org/pdf/2307.01928,"Computer Science, Mathematics, Computer Science",2025-09-30 20:04:33.198032+00:00,d1500f1dbd62e26ef0753f31e845078f58479968
94,On the Robustness of ChatGPT: An Adversarial and Out-of-distribution Perspective,"Jindong Wang, Xixu Hu, Wenxin Hou, Hao Chen, Runkai Zheng, Yidong Wang, Linyi Yang, Haojun Huang, Weirong Ye, Xiubo Geng, Binxing Jiao, Yue Zhang, Xingxu Xie",2023,IEEE Data Engineering Bulletin,260,https://www.semanticscholar.org/paper/5c7353fac22a8fdc43fc2f5c006b5d6902c47e75,https://arxiv.org/pdf/2302.12095,"Computer Science, Computer Science",2025-09-30 19:37:30.862167+00:00,5c7353fac22a8fdc43fc2f5c006b5d6902c47e75
95,Computational Linguistics and Intelligent Text Processing,"A. Cybulska, P. Vossen",2015,Lecture Notes in Computer Science,257,https://www.semanticscholar.org/paper/737dfe9388df84e0381d69848014b219b431fe7f,,"Computer Science, Computer Science, Linguistics",2025-09-30 17:16:56.094644+00:00,737dfe9388df84e0381d69848014b219b431fe7f
96,AI Alignment: A Comprehensive Survey,"Jiaming Ji, Tianyi Qiu, Boyuan Chen, Borong Zhang, Hantao Lou, Kaile Wang, Yawen Duan, Zhonghao He, Jiayi Zhou, Zhaowei Zhang, Fanzhi Zeng, Kwan Yee Ng, Juntao Dai, Xuehai Pan, Aidan O'Gara, Yingshan Lei, Hua Xu, Brian Tse, Jie Fu, S. McAleer, Yaodong Yang, Yizhou Wang, Song-Chun Zhu, Yike Guo, Wen Gao",2023,arXiv.org,256,https://www.semanticscholar.org/paper/a3d1954a57110f199ad58c24a6e588ee73135170,https://arxiv.org/pdf/2310.19852.pdf,"Computer Science, Computer Science, Political Science",2025-09-30 20:22:30.472501+00:00,a3d1954a57110f199ad58c24a6e588ee73135170
97,Towards Universal Sequence Representation Learning for Recommender Systems,"Yupeng Hou, Shanlei Mu, Wayne Xin Zhao, Yaliang Li, Bolin Ding, Ji-rong Wen",2022,Knowledge Discovery and Data Mining,252,https://www.semanticscholar.org/paper/e7f3f2b77994c2cabad612ba0881e63763ec2dad,https://arxiv.org/pdf/2206.05941,"Computer Science, Computer Science",2025-09-30 20:20:30.673033+00:00,e7f3f2b77994c2cabad612ba0881e63763ec2dad
98,Reporting Guidelines to Increase the Reproducibility and Comparability of Research on Microplastics,"Win Colton Cowger, A. Booth, Bonnie M. Hamilton, Clara Thaysen, S. Primpke, Keenan Munno, A. Lusher, A. Dehaut, V. P. Vaz, M. Liboiron, L. Devriese, Ludovic Hermabessiere, C. Rochman, Samantha N. Athey, J. Lynch, Hannah De Frond, A. Gray, Oliver A.H. Jones, S. Brander, Clare Steele, S. Moore, Alterra Sanchez, H. Nel",2020,Applied Spectroscopy,251,https://www.semanticscholar.org/paper/8395159dfdd09f1187a5207f5978843b78cdcd3e,https://journals.sagepub.com/doi/pdf/10.1177/0003702820930292,"Medicine, Computer Science, Environmental Science",2025-09-30 19:37:02.650735+00:00,8395159dfdd09f1187a5207f5978843b78cdcd3e
99,The multi-modal fusion in visual question answering: a review of attention mechanisms,"Siyu Lu, Mingzhe Liu, Lirong Yin, Zhengtong Yin, Xuan Liu, Wenfeng Zheng",2023,PeerJ Computer Science,245,https://www.semanticscholar.org/paper/c8a145ecdf84015a8a38ef21c3baa954fa84368e,https://doi.org/10.7717/peerj-cs.1400,"Computer Science, Medicine, Computer Science",2025-09-30 17:16:49.543275+00:00,c8a145ecdf84015a8a38ef21c3baa954fa84368e
100,Iterative Preference Learning from Human Feedback: Bridging Theory and Practice for RLHF under KL-constraint,"Wei Xiong, Hanze Dong, Chen Ye, Han Zhong, Nan Jiang, Tong Zhang",2023,International Conference on Machine Learning,244,https://www.semanticscholar.org/paper/44a9d8b0314d34aff91ccff9207d38eed37216ed,https://arxiv.org/pdf/2312.11456.pdf,"Computer Science, Mathematics, Computer Science, Mathematics",2025-09-30 20:07:49.823859+00:00,44a9d8b0314d34aff91ccff9207d38eed37216ed
